{
    "accuracy": 0.68,
    "precision": 0.6833333333333333,
    "recall": 0.6612903225806451,
    "auc": 0.7191500256016385
}