{
    "accuracy": 0.664,
    "precision": 0.6754385964912281,
    "recall": 0.6209677419354839,
    "auc": 0.7094214029697901
}